"Business Name","X Handle","X Profile URL","Website URL","Bio Description"
"VaporDNA","@vapordna","https://x.com/vapordna","https://vapordna.com","Online vape shop offering disposable vapes, premium vape juice, mods, pod systems, and accessories."
"MyVaporStore","@MyVaporStore","https://x.com/MyVaporStore","https://www.myvaporstore.com","Vape store online for e-cigarettes, e-liquids, vape kits, and pens serving adult vapers in the USA."
"EightVape","@EightVape","https://x.com/eightvape","https://www.eightvape.com","Discount online vape shop with low prices on disposables, vape juice, vape kits, and accessories."
"Element Vape","@vapeelement","https://twitter.com/vapeelement","https://www.elementvape.com","Progressive online vape retailer for premium e-liquids, disposables, kits, and vape hardware."
"Vape City USA","@vapecity_usa","https://x.com/vapecity_usa","https://vapecityusa.com","Online vape shop featuring disposable vapes, e-liquids, nicotine pouches, and hemp products with fast US shipping."
"Central Vapors","@CentralVapors","https://x.com/CentralVapors","https://www.centralvapors.com","Online vape shop offering e-juice, vape hardware, starter kits, and accessories from Texas."
"Electric Tobacconist USA","@E_Tobacconist","https://x.com/E_Tobacconist","https://www.electrictobacconist.com","US-focused online vape shop with a wide selection of e-cigarettes, pods, disposables, and vape juice."
"Vapor Authority","@VaporAuthority","https://x.com/vaporauthority","https://www.vaporauthority.com","American online vape retailer for e-juice, starter kits, tanks, coils, and vape accessories."
"VaporFi","@_VaporFi","https://x.com/_VaporFi","https://www.vaporfi.com","Vape brand and online shop offering e-cigarettes, vaporizers, vape juice, and accessories."
"DirectVapor","@DirectVapor","https://x.com/DirectVapor","https://www.directvapor.com","Online vape superstore featuring mods, tanks, starter kits, and e-liquids with competitive pricing."
"Breazy","@BreazyDotCom","https://x.com/BreazyDotCom","https://breazy.com","Online marketplace for vape hardware, e-liquids, disposable vapes, and vaping accessories."
"VapeSourcing","@VapeSourcing","https://x.com/VapeSourcing","https://vapesourcing.com","Global vape retailer offering vape kits, disposables, vape juice, and accessories with US warehouse options."
"Flawless Vape Shop","@FlawlessVape","https://x.com/FlawlessVape","https://www.flawlessvapeshop.com","Online vape shop supplying e-liquids, hardware, coils, and accessories to vapers worldwide."
"Vape Street","@VapeStreet","https://x.com/VapeStreet","https://www.vapestreet.com","Vape retailer providing e-cigarettes, e-liquids, disposable vapes, and vape accessories."
"VapeWild","@VapeWild","https://x.com/VapeWild","https://www.vapewild.com","E-liquid brand and online vape shop known for affordable vape juice and vaping gear."
"Mt Baker Vapor","@mtbakervapor","https://x.com/mtbakervapor","https://www.mtbakervapor.com","Long-running vape brand and online shop for e-liquids, vape devices, and accessories."
"Halo Cigs","@HaloCigs","https://x.com/HaloCigs","https://www.halocigs.com","American e-liquid and vape hardware brand serving adult smokers and vapers."
"VapourDNA UK","@VaporDNAUK","https://x.com/VaporDNAUK","https://vapordna.com","Regional social presence related to VaporDNA promoting vape products and deals."
"Vape Club","@VapeClub","https://x.com/VapeClub","https://www.vapeclub.co.uk","Online vape retailer offering e-liquids, kits, disposables, and coils to adult vapers."
"Totally Wicked","@TotallyWickedUK","https://x.com/TotallyWickedUK","https://www.totallywicked-eliquid.co.uk","Vape company providing e-cigarettes, e-liquids, and vaping accessories."
"Vape Superstore","@VapeSuperstore","https://x.com/VapeSuperstore","https://www.vapesuperstore.co.uk","Online vape store with a wide range of e-liquids, vape kits, and pods."
"Ecigwizard","@ecigwizard","https://x.com/ecigwizard","https://www.ecigwizard.com","UK-based vape retailer selling e-cigarettes, vape juice, and hardware online and in-store."
"Grey Haze","@GreyHazeEcigs","https://x.com/GreyHazeEcigs","https://greyhaze.co.uk","Online vape shop featuring hardware, tanks, e-liquids, and rebuildables."
"Vaping.com","@vapingdotcom","https://x.com/vapingdotcom","https://vaping.com","Online resource and vape retailer for e-cigarettes, vape kits, and e-liquids."
"VapeUK","@VapeUKOfficial","https://x.com/VapeUKOfficial","https://www.vapeuk.co.uk","UK vape store offering e-liquids, kits, pods, and coils."
"Vape Society Supply","@VapeSociety","https://x.com/VapeSociety","https://www.vapesocietysupplies.com","Wholesale and retail vape distributor with a large selection of e-liquids and hardware."
"Heaven Gifts","@heavengifts_com","https://x.com/heavengifts_com","https://www.heavengifts.com","Online vape wholesaler and retailer for vape mods, tanks, and accessories."
"HealthCabin","@healthcabin","https://x.com/healthcabin","https://www.healthcabin.net","Vape distributor and online shop serving global customers with e-cigarettes and accessories."
"EightCigs","@EightCigs","https://x.com/EightCigs","https://eightcig.com","Wholesale vape distributor for vape shops, offering hardware, e-liquids, and disposables."
"VaporBeast","@VaporBeast","https://x.com/VaporBeast","https://www.vaporbeast.com","Online vape distributor and retailer offering hardware, e-liquids, and vaping accessories."
"Ejuices.com","@ejuicesdotcom","https://x.com/ejuicesdotcom","https://www.ejuices.com","Online marketplace focused on selling e-liquid brands and vape juice to adult vapers."
"PremiumVape","@PremiumVape","https://x.com/PremiumVape","https://www.premiumvape.com","Vape retailer specializing in premium e-liquids and vape devices."
"VaporRoom","@VaporRoom","https://x.com/VaporRoom","https://www.thevaporroom.net","Online and retail vape shop offering e-liquids and vape hardware."
"Vaportek","@VaportekUSA","https://x.com/VaportekUSA","https://www.vaportekusa.com","Vape brand and online shop with e-liquids and devices."
"VapeKing","@VapeKing","https://x.com/VapeKing","https://www.vapeking.com","Online vape shop offering devices, tanks, and e-liquids."
"VapeTime","@VapeTime","https://x.com/VapeTime","https://www.vapetime.co.uk","Vape retailer supplying e-cigarettes, tanks, and vape juice."
"Vapor World","@VaporWorld","https://x.com/VaporWorld","https://vaporworld.biz","Vape chain and online store carrying e-liquids, mods, and accessories."
"Vapester","@VapesterUK","https://x.com/VapesterUK","https://www.vapester.co.uk","Online vape shop offering e-liquids, starter kits, and coils."
"Vape Club MY","@VapeClubMY","https://x.com/VapeClubMY","https://vapeclubmy.com","Regional vape retailer focused on e-liquids and hardware."
"Vape Empire","@VapeEmpire","https://x.com/VapeEmpire","https://vapeempire.com","Vape distributor and retailer offering a range of vape products."
"Vape Connect","@VapeConnect","https://x.com/VapeConnect","https://vapeconnect.com","Vape community and marketplace connecting brands and consumers."
"Vape Society","@VapeSocietyUK","https://x.com/VapeSocietyUK","https://vapesociety.co.uk","Vape shop providing e-liquids and hardware online."
"Vape Avenue","@VapeAvenue","https://x.com/VapeAvenue","https://vapeavenue.com","Vape store for e-cigarettes, e-liquids, and accessories."
"Vapor Shark","@VaporShark","https://x.com/VaporShark","https://www.vaporshark.com","Established vape brand and retailer for devices and e-liquids."
"VapeEscape","@VapeEscape","https://x.com/VapeEscape","https://www.vapeescape.co.uk","Online vape shop offering kits, mods, and e-liquid brands."
"Vape World Wide","@VapeWorldWide","https://x.com/VapeWorldWide","https://vapeworldwide.com","Vape retailer serving global customers with devices and e-liquids."
"Vape HQ","@VapeHQ","https://x.com/VapeHQ","https://www.vapehq.co.uk","UK-based vape company supplying e-liquids and devices."
"Vape Shop NZ","@VapeShopNZ","https://x.com/VapeShopNZ","https://vapeshop.co.nz","New Zealand online vape shop for e-liquids and hardware."
"VapeStop","@VapeStop","https://x.com/VapeStop","https://vapestop.com","Vape retailer providing e-cigarettes, vape juice, and accessories."
"VaporLab","@VaporLab","https://x.com/VaporLab","https://www.vaporlab.com","Vape brand and shop offering hardware and e-liquids."
